title,notes,rating,tags,date,image,link
Horse,its a horse,9,dark horror,10/11/2002,anImageThing,https://google.com
Test,some desc,8,some tags,9/1/1997,someimage,https://youtube.com
Chimps take the land,ssdjbsdgjs djkbsd jkdf sjk,10,hey these tags,8/1/2001,image,chimp.org
Thats kinda crazy,wow these are words,4,tagggs tags,6/2/2001,image,beans.com
Friends only,what is this,2,tags,5/5/2001,image,eat.com
Testing USA,what is love?,8,,1/2/2001
This was a triumph,"thse are notes wow",7,,1/3/2001
Im making a note here,"thse are notessdgsdg wow",7,,1/3/2001
Huge success,"thse are notesdfhdfhdfhfddfh wow",2,tags,1/3/2001
Its hard to overstate my satisfaction,"thsdf dd ddde are notes wow",7,,1/4/2001
Aperature science,"thse are notgddfg dfg df gdf gfes wow",7,tags,1/5/2001